{"cameraMode":{"drawMode":0,"name":"Shaded","section":"Shading Mode"},"sceneLighting":true,"audioPlay":false,"sceneViewState":{"m_AlwaysRefresh":false,"showFog":false,"showSkybox":true,"showFlares":true,"showImageEffects":true,"showParticleSystems":true,"showVisualEffectGraphs":true,"m_FxEnabled":true},"in2DMode":false,"pivot":{"x":0.08253726363182068,"y":20.970468521118165,"z":3.0819759368896486},"rotation":{"x":-0.10517183691263199,"y":0.7935766577720642,"z":-0.14343106746673585,"w":-0.5818957090377808},"size":1.3298108577728272,"orthographic":false}